[
  {"fieldName":"LMB4COM-CCALL-CALL-LOCATION","type":"alphanumeric","length":10},
  {"fieldName":"LMB4COM-CCALL-CMPY-TRLR-FLG","type":"alphanumeric","length":1},
  {"fieldName":"LMB4COM-CCALL-TRLR-CHAS-FLG","type":"alphanumeric","length":1},
  {"fieldName":"LMB4COM-CCALL-OVR-LOAD-FLG","type":"alphanumeric","length":1},
  {"fieldName":"LMB4COM-CCALL-OVR-RO-DOWN-FLG","type":"alphanumeric","length":1},
  {"fieldName":"LMB4COM-CCALL-OVR-LEN-ERR-FLG","type":"alphanumeric","length":1},
  {"fieldName":"LMB4COM-CCALL-OVR-RAILC-FLG","type":"alphanumeric","length":1},
  {"fieldName":"LMB4COM-CCALL-ADD-ORD-CMNT-FLG","type":"alphanumeric","length":1},
  {"fieldName":"LMB4COM-CCALL-NOTIFY-AR-FLG","type":"alphanumeric","length":1},
  {"fieldName":"LMB4COM-CCALL-DO-CHKCALL-FLG","type":"alphanumeric","length":1},
  {"fieldName":"LMB4COM-CCALL-SUBTYPE","type":"alphanumeric","length":1},
  {"fieldName":"LMB4COM-CCALL-FILLER","type":"alphanumeric","length":270}
]