[
{"fieldName":"LMB4COM-ACHG-CMNTS","type":"alphanumeric","length":75},
{"fieldName":"LMB4COM-ACHG-RSN-C","type":"alphanumeric","length":10},
{"fieldName":"LMB4COM-ACHG-CON-NM","type":"alphanumeric","length":30},
{"fieldName":"LMB4COM-ACHG-RSN-CAT-C","type":"alphanumeric","length":10},
{"fieldName":"LMB4COM-ACHG-COM-FLD","type":"alphanumeric","length":10},
{"fieldName":"LMB4COM-ACHG-FILLER","type":"alphanumeric","length":53},
{"fieldName":"LMB4COM-ACALL-DATE-RQD-SW","type":"alphanumeric","length":1},
{"fieldName":"LMB4COM-ACALL-DSH3-OVR-FLG","type":"alphanumeric","length":1},
{"fieldName":"LM08COM-ACALL-FILLER","type":"alphanumeric","length":100}
]