[
  {"fieldName":"LMB4COM-UCALL-ADATE-RQD-SW","type":"alphanumeric","length":1},
  {"fieldName":"LMB4COM-UCALL-DATE-RQD-SW","type":"alphanumeric","length":1},
  {"fieldName":"LMB4COM-UCALL-HAZMAT-FLG","type":"alphanumeric","length":1},
  {"fieldName":"LMB4COM-UCALL-DRV-CNT-FLG","type":"alphanumeric","length":1},
  {"fieldName":"LMB4COM-UCALL-RCV-UNL-FLG","type":"alphanumeric","length":1},
  {"fieldName":"LMB4COM-UCALL-LUMP-UNL-FLG","type":"alphanumeric","length":1},
  {"fieldName":"LMB4COM-UCALL-DRV-PULPAL-FLG","type":"alphanumeric","length":1},
  {"fieldName":"LMB4COM-UCALL-DRV-THRPAL-FLG","type":"alphanumeric","length":1},
  {"fieldName":"LMB4COM-UCALL-DRV-RMBRC-FLG","type":"alphanumeric","length":1},
  {"fieldName":"LMB4COM-UCALL-WGT-RQD-SW","type":"alphanumeric","length":1},
  {"fieldName":"LMB4COM-UCALL-OLD-QTY","type":"alphanumeric","length":5},
  {"fieldName":"LMB4COM-UCALL-QTY-RQD-SW","type":"alphanumeric","length":1},
  {"fieldName":"LMB4COM-PROT-UCALL-QTY-SW","type":"alphanumeric","length":1},
  {"fieldName":"LMB4COM-UCALL-BOL-RQD-SW","type":"alphanumeric","length":1},
  {"fieldName":"LMB4COM-PROT-UCALL-BOL-SW","type":"alphanumeric","length":1},
  {"fieldName":"LMB4COM-UCALL-BOL-SIGN-RQD-SW","type":"alphanumeric","length":1},
  {"fieldName":"LMB4COM-UCALL-PO-NBR","type":"alphanumeric","length":10},
  {"fieldName":"LMB4COM-PROT-UCALL-PO-NBR-SW","type":"alphanumeric","length":1},
  {"fieldName":"LMB4COM-UCALL-SEAL-RQD-SW","type":"alphanumeric","length":1},
  {"fieldName":"LMB4COM-PROT-UCALL-SEAL-SW","type":"alphanumeric","length":1},
  {"fieldName":"LMB4COM-PROT-UCALL-HAZMAT-SW","type":"alphanumeric","length":1},
  {"fieldName":"LMB4COM-PROT-UCALL-DRVCNT-SW","type":"alphanumeric","length":1},
  {"fieldName":"LMB4COM-UCALL-END-HUB-MIL","type":"alphanumeric","length":6},
  {"fieldName":"LMB4COM-UCALL-HUB-RQD-SW","type":"alphanumeric","length":1},
  {"fieldName":"LMB4COM-UCALL-BM-TLR-CTYST","type":"alphanumeric","length":5},
  {"fieldName":"LMB4COM-UCALL-BTAIL-RSN-CD","type":"alphanumeric","length":10},
  {"fieldName":"LMB4COM-UCALL-MIL-OVR-FLG","type":"alphanumeric","length":1},
  {"fieldName":"LMB4COM-UCALL-OGATE-OVR-FLG","type":"alphanumeric","length":1},
  {"fieldName":"LMB4COM-UCALL-DRVL-OVR-FLG","type":"alphanumeric","length":1},
  {"fieldName":"LMB4COM-UCALL-OWGT-OVR-FLG","type":"alphanumeric","length":1},
  {"fieldName":"LMB4COM-UCALL-DOWN-OVR-FLG","type":"alphanumeric","length":1},
  {"fieldName":"LMB4COM-UCALL-TLID-OVR-FLG","type":"alphanumeric","length":1},
  {"fieldName":"LMB4COM-UCALL-XFR-DRV-ACT-SW","type":"alphanumeric","length":1},
  {"fieldName":"LMB4COM-UCALL-TPKUP-OVR-SW","type":"alphanumeric","length":1},
  {"fieldName":"LMB4COM-UCALL-TDROP-OVR-SW","type":"alphanumeric","length":1},
  {"fieldName":"LMB4COM-UCALL-TMKT-OVR-SW","type":"alphanumeric","length":1},
  {"fieldName":"LMB4COM-UCALL-RSTR-OVR-SW","type":"alphanumeric","length":1},
  {"fieldName":"LMB4COM-LCALL-FILLER","type":"alphanumeric","length":222}
]