[
  {"fieldName":"LMB4COM-LCALL-ADATE-RQD-SW","type":"alphanumeric","length":1},
  {"fieldName":"LMB4COM-LCALL-DATE-RQD-SW","type":"alphanumeric","length":1},
  {"fieldName":"LMB4COM-LCALL-HAZ-MAT-FLG","type":"alphanumeric","length":1},
  {"fieldName":"LMB4COM-LCALL-DRV-CNT-FLG","type":"alphanumeric","length":1},
  {"fieldName":"LMB4COM-LCALL-SHP-LOD-FLG","type":"alphanumeric","length":1},
  {"fieldName":"LMB4COM-LCALL-LUMP-LOD-FLG","type":"alphanumeric","length":1},
  {"fieldName":"LMB4COM-LCALL-DRV-BLKBRC-FLG","type":"alphanumeric","length":1},
  {"fieldName":"LMB4COM-LCALL-DRV-SHRNK-FLG","type":"alphanumeric","length":1},
  {"fieldName":"LMB4COM-LCALL-WGT-RQD-SW","type":"alphanumeric","length":1},
  {"fieldName":"LMB4COM-LCALL-QTY-RQD-SW","type":"alphanumeric","length":1},
  {"fieldName":"LMB4COM-LCALL-QTY-EDIT-SW","type":"alphanumeric","length":1},
  {"fieldName":"LMB4COM-PROT-LCALL-QTY-SW","type":"alphanumeric","length":1},
  {"fieldName":"LMB4COM-LCALL-BOL-RQD-SW","type":"alphanumeric","length":1},
  {"fieldName":"LMB4COM-LCALL-CHRYSLER-SW","type":"alphanumeric","length":1},
  {"fieldName":"LMB4COM-LCALL-BOL-EDIT-SW","type":"alphanumeric","length":1},
  {"fieldName":"LMB4COM-PROT-LCALL-BOL-SW","type":"alphanumeric","length":1},
  {"fieldName":"LMB4COM-LCALL-PO-NBR","type":"alphanumeric","length":10},
  {"fieldName":"LMB4COM-LCALL-PO-EDIT-SW","type":"alphanumeric","length":1},
  {"fieldName":"LMB4COM-PROT-LCALL-PO-NBR-SW","type":"alphanumeric","length":1},
  {"fieldName":"LMB4COM-LCALL-SEAL-RQD-SW","type":"alphanumeric","length":1},
  {"fieldName":"LMB4COM-LCALL-SEAL-EDIT-SW","type":"alphanumeric","length":1},
  {"fieldName":"LMB4COM-PROT-LCALL-SEAL-SW","type":"alphanumeric","length":1},
  {"fieldName":"LMB4COM-PROT-LCALL-HAZMAT-SW","type":"alphanumeric","length":1},
  {"fieldName":"LMB4COM-PROT-LCALL-DRVCNT-SW","type":"alphanumeric","length":1},
  {"fieldName":"LMB4COM-LCALL-DSH3-OVR-FLG","type":"alphanumeric","length":1},
  {"fieldName":"LMB4COM-LCALL-DRVL-OVR-FLG","type":"alphanumeric","length":1},
  {"fieldName":"LMB4COM-LCALL-OWGT-OVR-FLG","type":"alphanumeric","length":1},
  {"fieldName":"LMB4COM-LCALL-DOWN-OVR-FLG","type":"alphanumeric","length":1},
  {"fieldName":"LMB4COM-LCALL-LEN-OVR-FLG","type":"alphanumeric","length":1},
  {"fieldName":"LMB4COM-LCALL-TLID-OVR-FLG","type":"alphanumeric","length":1},
  {"fieldName":"LMB4COM-LCALL-XFR-DRV-ACT-SW","type":"alphanumeric","length":1},
  {"fieldName":"LMB4COM-LCALL-TPKUP-OVR-SW","type":"alphanumeric","length":1},
  {"fieldName":"LMB4COM-LCALL-TDROP-OVR-SW","type":"alphanumeric","length":1},
  {"fieldName":"LMB4COM-LCALL-TMKT-OVR-SW","type":"alphanumeric","length":1},
  {"fieldName":"LMB4COM-LCALL-RSTR-OVR-SW","type":"alphanumeric","length":1},
  {"fieldName":"LMB4COM-LCALL-PO-NBR-CHG-SW","type":"alphanumeric","length":1},
  {"fieldName":"LMB4COM-LCALL-BOL-VERIFY-FLG","type":"alphanumeric","length":1},
  {"fieldName":"LMB4COM-LCALL-WEIGHT-VERIFY-FLG","type":"alphanumeric","length":1},
  {"fieldName":"LMB4COM-LCALL-PRO-NBR","type":"alphanumeric","length":30},
  {"fieldName":"LMB4COM-LCALL-PRO-NBR-CHG-SW","type":"alphanumeric","length":1},
  {"fieldName":"LMB4COM-LCALL-FILLER","type":"alphanumeric","length":212}
]