[
{"fieldName":"LMB4COM-TCALL-PKUP-AREA","type":"alphanumeric","length":2},
{"fieldName":"LMB4COM-TCALL-HOLD-DATE-TIME","type":"alphanumeric","length":12},
{"fieldName":"LMB4COM-TCALL-DROP-TRL-FLG","type":"alphanumeric","length":1},
{"fieldName":"LMB4COM-TCALL-TRK-CITYST","type":"alphanumeric","length":10},
{"fieldName":"LMB4COM-TCALL-TRL-CUST-CODE","type":"alphanumeric","length":10},
{"fieldName":"LMB4COM-TCALL-TRL-CITYST","type":"alphanumeric","length":10},
{"fieldName":"LMB4COM-TCALL-TRL-LOCATION","type":"alphanumeric","length":30},
{"fieldName":"LMB4COM-TCALL-ORD-CTY-ST","type":"alphanumeric","length":10},
{"fieldName":"LMB4COM-TCALL-END-HUB","type":"alphanumeric","length":9},
{"fieldName":"LMB4COM-TCALL-CHK-UNM-FLG","type":"alphanumeric","length":1},
{"fieldName":"LMB4COM-TCALL-IP-WARN-FLG","type":"alphanumeric","length":1},
{"fieldName":"LMB4COM-TCALL-UPDATE-FLG","type":"alphanumeric","length":1},
{"fieldName":"LMB4COM-TCALL-VARIANCE-FLG","type":"alphanumeric","length":1},
{"fieldName":"LMB4COM-TCALL-RESET-LT-FLG","type":"alphanumeric","length":1},
{"fieldName":"LMB4COM-TCALL-CASH-ADV-FLG","type":"alphanumeric","length":1},
{"fieldName":"LMB4COM-TCALL-DS31-WARN-FLG","type":"alphanumeric","length":1},
{"fieldName":"LMB4COM-TCALL-DATE-OVR-FLG","type":"alphanumeric","length":1},
{"fieldName":"LMB4COM-TONU-REASON-CODE","type":"alphanumeric","length":1},
{"fieldName":"LMB4COM-TONU-COMMENT","type":"alphanumeric","length":34},
{"fieldName":"LMB4COM-TONU-CUST-CONTACT","type":"alphanumeric","length":14},
{"fieldName":"LMB4COM-TONU-AR-CONTACT","type":"alphanumeric","length":14},
{"fieldName":"LMB4COM-TONU-NEW-DATE","type":"alphanumeric","length":10},
{"fieldName":"LMB4COM-TONU-NEW-TIME","type":"alphanumeric","length":5},
{"fieldName":"LMB4COM-TONU-NEW-LOCATION","type":"alphanumeric","length":10},
{"fieldName":"LM08COM-TCALL-FILLER","type":"alphanumeric","length":100}
]