[
{"fieldName":"LMB4COM-ETAU-TRK-PETA-DT","type":"alphanumeric","length":10},
{"fieldName":"LMB4COM-ETAU-TRK-PETA-TM","type":"alphanumeric","length":5},
{"fieldName":"LMB4COM-ETAU-TRK-AUTO-DISP-FLG","type":"alphanumeric","length":1},
{"fieldName":"LMB4COM-ETAU-TRK-YRD-STAT-CD","type":"alphanumeric","length":2},
{"fieldName":"LMB4COM-ETAU-TRK-IB-YRD-CD","type":"alphanumeric","length":10},
{"fieldName":"LMB4COM-ETAU-TRK-IB-YRD-DATE","type":"alphanumeric","length":10},
{"fieldName":"LMB4COM-ETAU-TRK-IB-YRD-TIME","type":"alphanumeric","length":5},
{"fieldName":"LMB4COM-ETAU-TRK-IB-YRD-RSN","type":"alphanumeric","length":4},
{"fieldName":"LMB4COM-ETAU-TRK-NXT-STOP-DSC","type":"alphanumeric","length":5},
{"fieldName":"LMB4COM-ETAU-HRS-2-DRV","type":"alphanumeric","length":2},
{"fieldName":"LMB4COM-ETAU-DRV-TOFF-DATE","type":"alphanumeric","length":10},
{"fieldName":"LMB4COM-ETAU-YD-NOT-SEC-SW","type":"alphanumeric","length":1},
{"fieldName":"LMB4COM-ETAU-LST-KD-IB-YRD","type":"alphanumeric","length":10},
{"fieldName":"LMB4COM-BYP-TRK-YRD-STAT-SW","type":"alphanumeric","length":1},
{"fieldName":"LMB4COM-BYP-TRK-AUTO-DISP-SW","type":"alphanumeric","length":1},
{"fieldName":"LMB4COM-BYP-TRK-NXT-STP-DSC-SW","type":"alphanumeric","length":1},
{"fieldName":"LMB4COM-BYP-TRK-IB-YRD-CD-SW","type":"alphanumeric","length":1},
{"fieldName":"LMB4COM-BYP-TRK-IB-YRD-DT-SW","type":"alphanumeric","length":1},
{"fieldName":"LMB4COM-BYP-TRK-IB-YRD-RSN-SW","type":"alphanumeric","length":1},
{"fieldName":"LMB4COM-BYP-PWR-MT-CMP-DT-SW","type":"alphanumeric","length":1},
{"fieldName":"LMB4COM-BYP-HRS-2-DRV-SW","type":"alphanumeric","length":1},
{"fieldName":"LMB4COM-BYP-DRV-TOFF-DT-SW","type":"alphanumeric","length":1},
{"fieldName":"LMB4COM-BYP-DEL-ETA-N-FMLA-SW","type":"alphanumeric","length":1},
{"fieldName":"LMB4COM-REFRESH-PETA-SW","type":"alphanumeric","length":1},
{"fieldName": "LMB4COM-ETAU-FILLER","type":"alphanumeric","length":204}
]