[
{"fieldName":"LMB4COM-DROP-TLR-PFX","type":"alphanumeric","length":4},
{"fieldName":"LMB4COM-DROP-TLR-NBR","type":"alphanumeric","length":10},
{"fieldName":"LMB4COM-DROP-CHAS-NBR","type":"alphanumeric","length":10},
{"fieldName":"LMB4COM-DROP-TLR-CUST-CD","type":"alphanumeric","length":10},
{"fieldName":"LMB4COM-DROP-TLR-CITY-ST","type":"alphanumeric","length":10},
{"fieldName":"LMB4COM-PKUP-TLR-CUST-CD","type":"alphanumeric","length":10},
{"fieldName":"LMB4COM-PKUP-TLR-CITY-ST","type":"alphanumeric","length":10},
{"fieldName":"LMB4COM-DISP-YYMMDD","type":"alphanumeric","length":6},
{"fieldName":"LMB4COM-DISP-HHMM","type":"alphanumeric","length":4},
{"fieldName":"LMB4COM-IB-ETA-YYMMDD","type":"alphanumeric","length":6},
{"fieldName":"LMB4COM-IB-ETA-HHMM","type":"alphanumeric","length":4},
{"fieldName":"LMB4COM-IB-YARD-CODE","type":"alphanumeric","length":10},
{"fieldName":"LMB4COM-IB-YARD-REAS-CD","type":"alphanumeric","length":10},
{"fieldName":"LMB4COM-DISP-OVR-WARN-FLG","type":"alphanumeric","length":1},
{"fieldName":"LMB4COM-USE-JBI-ETC-FLAG","type":"alphanumeric","length":1},
{"fieldName":"LMB4COM-LOADED-MILES","type":"alphanumeric","length":5},
{"fieldName":"LMB4COM-EMPTY-MILES","type":"alphanumeric","length":5},
{"fieldName":"LMB4COM-HUB-MILES","type":"alphanumeric","length":9},
{"fieldName":"LMB4COM-LID-FLAG","type":"alphanumeric","length":1},
{"fieldName":"LMB4COM-TLID-OVR-FLG","type":"alphanumeric","length":1},
{"fieldName":"LMB4COM-DOWN-OVR-FLG","type":"alphanumeric","length":1},
{"fieldName":"LMB4COM-LEN-OVR-FLG","type":"alphanumeric","length":1},
{"fieldName":"LMB4COM-ROUTE-CHANGE-FLG","type":"alphanumeric","length":1},
{"fieldName":"LMB4COM-INBOUND-STATUS","type":"alphanumeric","length":2},
{"fieldName":"LMB4COM-BUSINESS-OVR-FLG","type":"alphanumeric","length":1},
{"fieldName":"LMB4COM-CMN-TYPE","type":"alphanumeric","length":1},
{"fieldName":"LMB4COM-FAX-EMAIL-TOKEN","type":"alphanumeric","length":10},
{"fieldName":"LMB4COM-TRLD-OVR-FLG","type":"alphanumeric","length":1},
{"fieldName":"LMB4COM-DCALL-FILLER","type":"alphanumeric","length":145}
]