[
  {"fieldName":"LMB4COM-SDB-AREA-ID","type":"alphanumeric","length":2},
  {"fieldName":"LMB4COM-SDB-TLR-CUST-CD","type":"alphanumeric","length":10},
  {"fieldName":"LMB4COM-SDB-TLR-CITY-ST","type":"alphanumeric","length":6},
  {"fieldName":"LMB4COM-SDB-CHASSIS-PFX","type":"alphanumeric","length":4},
  {"fieldName":"LMB4COM-SDB-CHASSIS-NBR","type":"alphanumeric","length":10},
  {"fieldName":"LMB4COM-SDB-PAY-DH-FLAG","type":"alphanumeric","length":1},
  {"fieldName":"LMB4COM-SDB-DROP-TRLR-FLAG","type":"alphanumeric","length":1},
  {"fieldName":"LMB4COM-SDB-VERIFY-MSG-FLAG","type":"alphanumeric","length":1},
  {"fieldName":"LMB4COM-SDB-DS31-OVR-FLAG","type":"alphanumeric","length":1},
  {"fieldName":"LMB4COM-SDB-DS31-WARN-FLAG","type":"alphanumeric","length":1},
  {"fieldName":"LMB4COM-SDB-DHPAY-WARN-FLAG","type":"alphanumeric","length":1},
  {"fieldName":"LMB4COM-SDB-FILLER","type":"alphanumeric","length":252}
]